StationID,StationName.Zh_tw,StationName.En,ExitID,ExitName.Zh_tw,ExitName.En,ExitPosition.PositionLat,ExitPosition.PositionLon,LocationDescription,Stair,Escalator,Elevator
BR01,動物園,Taipei Zoo,1,動物園站出口1,Taipei Zoo Exit 1,24.99825,121.579916,新光路2段(臨動物園),TRUE,1,TRUE
BR01,動物園,Taipei Zoo,2,動物園站出口2,Taipei Zoo Exit 2,24.997948,121.579417,新光路2段(臨貓空纜車),TRUE,2,TRUE
BR02,木柵,Muzha,0,木柵站出口,Muzha Exit ,24.998174,121.573417,木柵路4段135號,TRUE,0,TRUE
BR03,萬芳社區,Wanfang Community,0,萬芳社區站出口,Wanfang Community Exit,24.99858,121.568409,萬芳路與萬和街交叉口,TRUE,0,TRUE
BR04,萬芳醫院,Wanfang Hospital,0,萬芳醫院站出口,Wanfang Hospital Exit,24.999383,121.557737,興隆路3段113號,TRUE,1,TRUE
BR05,辛亥,Xinhai,0,辛亥站出口,Xinhai Exit,25.005119,121.557021,辛亥路4段128號,TRUE,0,TRUE
BR06,麟光,Linguang,0,麟光站出口,Linguang Exit,25.018554,121.558606,和平東路3段410號,TRUE,0,TRUE
BR07,六張犁,Liuzhangli,0,六張犁站出口,Liuzhangli Exit,25.023852,121.552737,和平東路3段與基隆路2段交叉口,TRUE,1,TRUE
BR08,科技大樓,Technology Building,0,科技大樓站出口,Technology Building Exit,25.026154,121.543636,近復興南路2段與和平東路2段交叉口,TRUE,1,TRUE
BR09,大安,Daan,1,大安站出口1,Daan Exit 1,25.033508,121.541949,信義路3段147-1號、近147巷口、近台北農會信義大樓,TRUE,2,FALSE
BR09,大安,Daan,2,大安站出口2,Daan Exit 2,25.033515,121.541826,信義路3段145號、師大附中旁,TRUE,0,FALSE
BR09,大安,Daan,3,大安站出口3,Daan Exit 3,25.033241,121.54233,信義路3段180號、近166巷口,TRUE,2,FALSE
BR09,大安,Daan,4,大安站出口4,Daan Exit 4,25.033066,121.544057,信義路4段2號與復興南路2段交叉口,TRUE,1,TRUE
BR09,大安,Daan,5,大安站出口5,Daan Exit 5,25.032862,121.543719,信義路4段與復興南路2段交叉、近信義路4段30巷8弄口,TRUE,0,FALSE
BR09,大安,Daan,6,大安站出口6,Daan Exit 6,25.034006,121.543749,復興南路1段317號,TRUE,2,FALSE
BR10,忠孝復興,Zhongxiao Fuxing,1,忠孝復興站出口1,Zhongsxiao Fuxing Exit 1,25.041797,121.543143,忠孝東路3段291號與安東街交叉口,TRUE,2,FALSE
BR10,忠孝復興,Zhongxiao Fuxing,2,忠孝復興站出口2,Zhongsxiao Fuxing Exit 2,25.041355,121.543422,忠孝東路3段與復興南路1段交叉口，近SOGO百貨復興館,TRUE,1,TRUE
BR10,忠孝復興,Zhongxiao Fuxing,3,忠孝復興站出口3,Zhongsxiao Fuxing Exit 3,25.041467,121.544806,忠孝東路4段52號、SOGO百貨忠孝館對面,TRUE,2,FALSE
BR10,忠孝復興,Zhongxiao Fuxing,4,忠孝復興站出口4,Zhongsxiao Fuxing Exit 4,25.041772,121.54506,忠孝東路4段47號、近SOGO百貨忠孝館,TRUE,2,FALSE
BR10,忠孝復興,Zhongxiao Fuxing,5,忠孝復興站出口5,Zhongsxiao Fuxing Exit 5,25.04202,121.543985,復興南路1段153號,TRUE,0,FALSE
BR11,南京復興,Nanjing Fuxing,1,南京復興站出口1,Nanjing Fuxing Exit 1,25.052625,121.542121,遼寧街與遼寧街155巷口,TRUE,1,TRUE
BR11,南京復興,Nanjing Fuxing,2,南京復興站出口2,Nanjing Fuxing Exit 2,25.051748,121.541863,南京東路3段與遼寧街口西南隅,TRUE,1,TRUE
BR11,南京復興,Nanjing Fuxing,3,南京復興站出口3,Nanjing Fuxing Exit 3,25.051719,121.543237,南京東路3段與復興北路口西南隅、近南京東路3段194巷,FALSE,2,FALSE
BR11,南京復興,Nanjing Fuxing,4,南京復興站出口4,Nanjing Fuxing Exit 4,25.051719,121.543237,南京東路3段與復興北路口西南隅、近南京東路3段216巷,FALSE,3,FALSE
BR11,南京復興,Nanjing Fuxing,5,南京復興站出口5,Nanjing Fuxing Exit 5,25.051727,121.544338,南京東路3段與復興北路口東南隅、近南京東路3段256巷,TRUE,2,FALSE
BR11,南京復興,Nanjing Fuxing,6,南京復興站出口6,Nanjing Fuxing Exit 6,25.052057,121.544908,南京東路3段(北側)、近兄弟飯店,TRUE,0,FALSE
BR11,南京復興,Nanjing Fuxing,8,南京復興站出口8,Nanjing Fuxing Exit 8,25.052018,121.543819,南京東路3段與復興北路口西北隅,TRUE,2,FALSE
BR11,南京復興,Nanjing Fuxing,7,南京復興站出口7,Nanjing Fuxing Exit 7,25.052329,121.54447,南京東路3段與復興北路口東北隅(臨慶城街)、兄弟飯店旁,TRUE,1,TRUE
BR12,中山國中,Zhongshan Junior High School,0,中山國中站出口,Zhongshan Junior High School Exit,25.060889,121.544031,近民權東路3段與復興北路交叉口,TRUE,1,TRUE
BR13,松山機場,Songshan Airport,1,松山機場站出口1,Songshan Airport  Exit 1,25.063717,121.552335,松山機場東側,TRUE,2,TRUE
BR13,松山機場,Songshan Airport,2,松山機場站出口2,Songshan Airport  Exit 2,25.063673,121.551294,松山機場西側,TRUE,3,TRUE
BR13,松山機場,Songshan Airport,3,松山機場站出口3,Songshan Airport  Exit 3,25.062923,121.552241,松山機場正前方約40公尺,TRUE,1,TRUE
BR14,大直,Dazhi,1,大直站出口1,Dazhi Exit 1,25.080118,121.547104,大直街(大直婦女中心),TRUE,1,TRUE
BR14,大直,Dazhi,2,大直站出口2,Dazhi Exit 2,25.079584,121.546823,北安路與大直街交叉口,TRUE,2,FALSE
BR14,大直,Dazhi,3,大直站出口3,Dazhi Exit 3,25.07931,121.546901,北安路與大直街交叉口(臨海基會),FALSE,1,TRUE
BR15,劍南路,Jiannan Rd.,1,劍南路站出口1,Jiannan Rd. Exit 1,25.085174,121.555226,北安路811巷,TRUE,0,TRUE
BR15,劍南路,Jiannan Rd.,2,劍南路站出口2,Jiannan Rd. Exit 2,25.084754,121.555097,北安路798號,TRUE,3,TRUE
BR15,劍南路,Jiannan Rd.,3,劍南路站出口3,Jiannan Rd. Exit 3,25.084484,121.556098,北安路798號,TRUE,1,FALSE
BR16,西湖,Xihu,1,西湖站出口1,Xihu Exit 1,25.082339,121.566647,內湖路1段(西湖市場旁),TRUE,1,TRUE
BR16,西湖,Xihu,2,西湖站出口2,Xihu Exit 2,25.082023,121.567141,內湖路1段(臨基湖路),TRUE,1,TRUE
BR17,港墘,Gangqian,1,港墘站出口1,Gangqian Exit 1,25.080152,121.57556,臨內湖路1段667巷,TRUE,1,TRUE
BR17,港墘,Gangqian,2,港墘站出口2,Gangqian Exit 2,25.080065,121.574704,內湖路1段(臨內湖高工),TRUE,1,TRUE
BR18,文德,Wende,1,文德站出口1,Wende Exit 1,25.078671,121.58564,文德路(內湖高中對面),TRUE,3,TRUE
BR18,文德,Wende,2,文德站出口2,Wende Exit 2,25.078408,121.58447,文德路(內湖高中旁),TRUE,1,TRUE
BR19,內湖,Neihu,1,內湖站出口1,Neihu Exit 1,25.083745,121.594266,臨成功路4段182巷,TRUE,1,TRUE
BR19,內湖,Neihu,2,內湖站出口2,Neihu Exit 2,25.083636,121.594612,臨成功路4段167巷,TRUE,3,TRUE
BR20,大湖公園,Dahu Park,1,大湖公園站出口1,Dahu Park Exit 1,25.083894,121.602377,成功路5段(大湖山莊街),TRUE,3,TRUE
BR20,大湖公園,Dahu Park,2,大湖公園站出口2,Dahu Park Exit 2,25.083675,121.60221,成功路5段(大湖公園),TRUE,1,TRUE
BR21,葫洲,Huzhou,1,葫洲站出口1,Huzhou Exit 1,25.072638,121.608047,康寧路3段39號旁,TRUE,3,TRUE
BR21,葫洲,Huzhou,2,葫洲站出口2,Huzhou Exit 2,25.072534,121.607197,康寧路3段16巷側,TRUE,1,TRUE
BR22,東湖,Donghu,1,東湖站出口1,Donghu Exit 1,25.067218,121.611129,康寧路3段(臨康寧公園),TRUE,0,TRUE
BR22,東湖,Donghu,2,東湖站出口2,Donghu Exit 2,25.067111,121.611239,康寧路3段(臨南湖高中),TRUE,3,TRUE
BR22,東湖,Donghu,3,東湖站出口3,Donghu Exit 3,25.067053,121.611724,康寧路3段(臨安康公園),TRUE,1,TRUE
BR23,南港軟體園區,Nangang Software Park,1,南港軟體園區站出口1,Nangang Software Park Exit 1,25.059995,121.615817,臨經貿二路185巷,TRUE,3,TRUE
BR23,南港軟體園區,Nangang Software Park,2,南港軟體園區站出口2,Nangang Software Park Exit 2,25.059883,121.616091,臨經貿二路185巷,TRUE,3,TRUE
BR24,南港展覽館,Taipei Nangang Exhibition Center,1,南港展覽館站出口1,Taipei Nangang Exhibition Center Exit 1,25.055847,121.616936,經貿二路、南港展覽館旁,TRUE,1,TRUE
BR24,南港展覽館,Taipei Nangang Exhibition Center,2,南港展覽館站出口2,Taipei Nangang Exhibition Center Exit 2,25.055308,121.616984,南港路1段32號與經貿二路交叉口,FALSE,0,TRUE
BR24,南港展覽館,Taipei Nangang Exhibition Center,3,南港展覽館站出口3,Taipei Nangang Exhibition Center Exit 3,25.055123,121.618239,南港路1段與經貿一路交叉口,FALSE,0,TRUE
BR24,南港展覽館,Taipei Nangang Exhibition Center,4,南港展覽館站出口4,Taipei Nangang Exhibition Center Exit 4,25.055386,121.618266,經貿一路、南港展覽館旁,FALSE,0,TRUE
BR24,南港展覽館,Taipei Nangang Exhibition Center,2A,南港展覽館站出口2A,Taipei Nangang Exhibition Center Exit 2A,25.05524,121.617043,南港路1段與經貿二路交叉口,TRUE,0,TRUE
BR24,南港展覽館,Taipei Nangang Exhibition Center,5,南港展覽館站出口5,Taipei Nangang Exhibition Center Exit 5,25.054917,121.616861,南港路1段與研究院路1段交叉口,TRUE,1,TRUE
BR24,南港展覽館,Taipei Nangang Exhibition Center,6,南港展覽館站出口6,Taipei Nangang Exhibition Center Exit 6,25.054739,121.618183,南港路1段與經貿一路交叉口,TRUE,2,FALSE
BR24,南港展覽館,Taipei Nangang Exhibition Center,7,南港展覽館站出口7,Taipei Nangang Exhibition Center Exit 7,25.054035,121.618148,富康街1巷16弄、近誠正國中,TRUE,2,FALSE
R02,象山,Xiangshan,1,象山站出口1,Xiangshan Exit 1,25.033025,121.569394,信義路5段與松勇路口,TRUE,2,TRUE
R02,象山,Xiangshan,2,象山站出口2,Xiangshan Exit 2,25.032366,121.569809,信義路5段150巷口、近中強公園、信義快速道路,TRUE,1,TRUE
R02,象山,Xiangshan,3,象山站出口3,Xiangshan Exit 3,25.03302,121.570408,信義路5段、近91巷、信義快速道路,TRUE,2,FALSE
R03,台北101/世貿,Taipei 101/World Trade Center,1,台北101/世貿站出口1,Taipei 101/World Trade Center Exit 1,25.033107,121.561671,信義路5段與莊敬路口、世貿一館旁,TRUE,2,FALSE
R03,台北101/世貿,Taipei 101/World Trade Center,2,台北101/世貿站出口2,Taipei 101/World Trade Center Exit 2,25.032733,121.561564,信義路5段與莊敬路口、世貿一館對面,TRUE,2,FALSE
R03,台北101/世貿,Taipei 101/World Trade Center,3,台北101/世貿站出口3,Taipei 101/World Trade Center Exit 3,25.032742,121.563646,信義路5段20號,TRUE,2,TRUE
R03,台北101/世貿,Taipei 101/World Trade Center,4,台北101/世貿站出口4,Taipei 101/World Trade Center Exit 4,25.033034,121.564112,信義路5段7號B1、台北101B1廣場,TRUE,1,TRUE
R03,台北101/世貿,Taipei 101/World Trade Center,5,台北101/世貿站出口5,Taipei 101/World Trade Center Exit 5,25.033102,121.563292,信義路5段與市府路口、世貿一館旁,TRUE,2,TRUE
R04,信義安和,Xinyi Anhe,1,信義安和站出口1,Xinyi Anhe Exit 1,25.033377,121.552602,信義路4段與安和路1段路口,TRUE,2,FALSE
R04,信義安和,Xinyi Anhe,2,信義安和站出口2,Xinyi Anhe Exit 2,25.033032,121.552332,信義路4段與安和路2段路口、安和路派出所前,TRUE,2,FALSE
R04,信義安和,Xinyi Anhe,3,信義安和站出口3,Xinyi Anhe Exit 3,25.033022,121.553282,信義路4段236號與通安街口,FALSE,2,FALSE
R04,信義安和,Xinyi Anhe,4,信義安和站出口4,Xinyi Anhe Exit 4,25.033022,121.5534,信義路4段248號與通安街口,TRUE,0,FALSE
R04,信義安和,Xinyi Anhe,5,信義安和站出口5,Xinyi Anhe Exit 5,25.033326,121.553526,信義路4段239巷口,TRUE,1,TRUE
R06,大安森林公園,Daan Park,1,大安森林公園站出口1,Daan Park Exit 1,25.033693,121.534442,信義路3段、信義路3段31巷口,TRUE,0,FALSE
R06,大安森林公園,Daan Park,2,大安森林公園站出口2,Daan Park Exit 2,25.033391,121.534487,信義路3段、近新生南路2段,TRUE,1,FALSE
R06,大安森林公園,Daan Park,3,大安森林公園站出口3,Daan Park Exit 3,25.033396,121.534882,信義路3段、西側光塔,TRUE,0,FALSE
R06,大安森林公園,Daan Park,4,大安森林公園站出口4,Daan Park Exit 4,25.033391,121.535292,信義路3段、東側光塔,FALSE,0,TRUE
R06,大安森林公園,Daan Park,5,大安森林公園站出口5,Daan Park Exit 5,25.033369,121.535989,信義路3段、近建國南路2段,TRUE,1,TRUE
R06,大安森林公園,Daan Park,6,大安森林公園站出口6,Daan Park Exit 6,25.033654,121.535952,信義路3段、仁愛路3段24巷口、近工業局,TRUE,1,TRUE
R08,中正紀念堂,Chiang Kai-Shek Memorial Hall,1,中正紀念堂站出口1,Chiang Kai-Shek Memorial Hall Exit 1,25.033034,121.517764,羅斯福路1段、近勞保局,FALSE,1,TRUE
R08,中正紀念堂,Chiang Kai-Shek Memorial Hall,2,中正紀念堂站出口2,Chiang Kai-Shek Memorial Hall Exit 2,25.032406,121.518261,羅斯福路1段8之1號、近南門市場、中正區公所,TRUE,2,FALSE
R08,中正紀念堂,Chiang Kai-Shek Memorial Hall,3,中正紀念堂站出口3,Chiang Kai-Shek Memorial Hall Exit 3,25.032281,121.519,羅斯福路1段、近金華街口,TRUE,2,FALSE
R08,中正紀念堂,Chiang Kai-Shek Memorial Hall,4,中正紀念堂站出口4,Chiang Kai-Shek Memorial Hall Exit 4,25.033525,121.51796,羅斯福路1段7號,TRUE,0,FALSE
R08,中正紀念堂,Chiang Kai-Shek Memorial Hall,5,中正紀念堂站出口5,Chiang Kai-Shek Memorial Hall Exit 5,25.035148,121.517109,愛國東路、中山南路口、近中正紀念堂,TRUE,1,TRUE
R08,中正紀念堂,Chiang Kai-Shek Memorial Hall,6,中正紀念堂站出口6,Chiang Kai-Shek Memorial Hall Exit 6,25.03588,121.516543,愛國西路、中山南路口、市立大學附設小學、國家圖書館,TRUE,0,FALSE
R08,中正紀念堂,Chiang Kai-Shek Memorial Hall,7,中正紀念堂站出口7,Chiang Kai-Shek Memorial Hall Exit 7,25.034565,121.515983,愛國西路2號、近財政部財務大樓,TRUE,2,FALSE
R09,台大醫院,NTU Hospital,1,台大醫院站出口1,NTU Hospital Exit 1,25.040913,121.515731,公園路52號、近總統府,TRUE,1,FALSE
R09,台大醫院,NTU Hospital,2,台大醫院站出口2,NTU Hospital Exit 2,25.041224,121.516589,常德街1號、臺大醫院舊館大門旁,TRUE,1,TRUE
R09,台大醫院,NTU Hospital,3,台大醫院站出口3,NTU Hospital Exit 3,25.042808,121.516632,公園路、臺大醫院復健部旁,TRUE,0,TRUE
R09,台大醫院,NTU Hospital,4,台大醫院站出口4,NTU Hospital Exit 4,25.042876,121.516299,公園路、近國立台灣博物館,TRUE,1,FALSE
R10,台北車站,Taipei Main Station,M5,台北車站M5,Taipei Main Station Exit M5,25.046755,121.516246,忠孝西路1段66號對面,FALSE,1,FALSE
R10,台北車站,Taipei Main Station,M6,台北車站M6,Taipei Main Station Exit M6,25.046234,121.516787,忠孝西路1段38號,TRUE,0,FALSE
R10,台北車站,Taipei Main Station,M7,台北車站M7,Taipei Main Station Exit M7,25.046077,121.518643,忠孝西路1段33號,TRUE,0,FALSE
R10,台北車站,Taipei Main Station,M8,台北車站M8,Taipei Main Station Exit M8,25.045948,121.517479,公園路13號,FALSE,1,FALSE
R10,台北車站,Taipei Main Station,M1,台北車站M1,Taipei Main Station Exit M1,25.048232,121.518193,台鐵台北車站北一門旁,TRUE,2,FALSE
R10,台北車站,Taipei Main Station,M2,台北車站M2,Taipei Main Station Exit M2,25.048064,121.519067,市民大道1段209號對面、近國父史蹟紀念館,TRUE,2,TRUE
R10,台北車站,Taipei Main Station,M3,台北車站M3,Taipei Main Station Exit M3,25.046337,121.517882,忠孝西路1段45號,FALSE,1,FALSE
R10,台北車站,Taipei Main Station,M4,台北車站M4,Taipei Main Station Exit M4,25.046485,121.517345,忠孝西路1段38號對面,TRUE,2,TRUE
R11,中山,Zhongshan,1,中山站出口1,Zhongshan Exit 1,25.052414,121.520303,南京西路16號,TRUE,2,FALSE
R11,中山,Zhongshan,4,中山站出口4,Zhongshan Exit 4,25.052858,121.520306,南京西路27號旁,FALSE,1,TRUE
R11,中山,Zhongshan,2,中山站出口2,Zhongshan Exit 2,25.052382,121.521063,南京西路12號旁、近中山北路1段,TRUE,0,FALSE
R11,中山,Zhongshan,3,中山站出口3,Zhongshan Exit 3,25.052611,121.521154,南京西路11號旁、近中山北路2段,TRUE,0,FALSE
R11,中山,Zhongshan,5,中山站出口5,Zhongshan Exit 5,25.053037,121.519329,南京西路55號、近南京西路與赤峰街路口東北隅,TRUE,1,TRUE
R11,中山,Zhongshan,6,中山站出口6,Zhongshan Exit 6,25.052833,121.519007,南京西路與赤峰街路口東南隅，南京西路64巷旁,TRUE,1,TRUE
R12,雙連,Shuanglian,1,雙連站出口1,Shuanglian Exit 1,25.057499,121.520588,民生西路72號旁,TRUE,2,FALSE
R12,雙連,Shuanglian,2,雙連站出口2,Shuanglian Exit 2,25.057825,121.520615,民生西路47號,TRUE,1,TRUE
R13,民權西路,Minzuan W. Rd.,1,民權西路站出口1,Minquan W.Rd. Exit 1,25.062641,121.519454,民權西路72號,TRUE,0,TRUE
R13,民權西路,Minzuan W. Rd.,4,民權西路站出口4,Minquan W.Rd. Exit 2,25.061936,121.519867,天祥路48巷35號對面,TRUE,0,FALSE
R13,民權西路,Minzuan W. Rd.,3,民權西路站出口3,Minquan W.Rd. Exit 3,25.061766,121.519786,天祥路16巷口,TRUE,0,FALSE
R13,民權西路,Minzuan W. Rd.,2,民權西路站出口2,Minquan W.Rd. Exit 4,25.061878,121.519614,成淵高中後方,TRUE,0,FALSE
R13,民權西路,Minzuan W. Rd.,5,民權西路站出口5,Minquan W.Rd. Exit 5,25.063122,121.518558,承德路3段、撫順街口,TRUE,0,FALSE
R13,民權西路,Minzuan W. Rd.,6,民權西路站出口6,Minquan W.Rd. Exit 6,25.062693,121.51853,承德路2段、民權西路口，近台灣銀行,TRUE,0,FALSE
R13,民權西路,Minzuan W. Rd.,7,民權西路站出口7,Minquan W.Rd. Exit 7,25.06267,121.520092,民權西路58、60號前,FALSE,2,FALSE
R13,民權西路,Minzuan W. Rd.,8,民權西路站出口8,Minquan W.Rd. Exit 8,25.06266,121.520602,民權西路、天祥路口，近民權西路48號,TRUE,0,FALSE
R13,民權西路,Minzuan W. Rd.,9,民權西路站出口9,Minquan W.Rd. Exit 9,25.063027,121.520744,民權西路、天祥路口，近民權西路53號,TRUE,0,FALSE
R13,民權西路,Minzuan W. Rd.,10,民權西路站出口10,Minquan W.Rd. Exit 10,25.063063,121.519791,民權西路67、69號前,FALSE,2,TRUE
R14,圓山,Yuanshan,1,圓山站出口1,Yaunshan Exit 1,25.070785,121.520033,酒泉街與玉門街,TRUE,0,TRUE
R14,圓山,Yuanshan,2,圓山站出口2,Yaunshan Exit 2,25.071776,121.520108,庫倫街,TRUE,0,TRUE
R15,劍潭,Jiantan,1,劍潭站出口1,Jiantan Exit 1,25.08503,121.525175,中山北路5段65號,TRUE,0,FALSE
R15,劍潭,Jiantan,2,劍潭站出口2,Jiantan Exit 2,25.083466,121.524807,基河路22號對面,TRUE,0,TRUE
R15,劍潭,Jiantan,3,劍潭站出口3,Jiantan Exit 3,25.084284,121.52496,劍潭路,TRUE,0,FALSE
R16,士林,Shilin,1,士林站出口1,Shilin Exit 1,25.094106,121.525966,中正路247巷旁,TRUE,0,TRUE
R16,士林,Shilin,2,士林站出口2,Shilin Exit 2,25.092901,121.526433,福德路1號,FALSE,0,TRUE
R17,芝山,Zhishan,1,芝山站出口1,Zhishan Exit 1,25.102046,121.522636,福國路70號,TRUE,0,TRUE
R17,芝山,Zhishan,2,芝山站出口2,Zhishan Exit 2,25.103804,121.522356,福華路162巷口對面,TRUE,0,TRUE
R18,明德,Mingde,0,明德站出口,Mingde Exit,25.109298,121.519153,明德路95號、明德國中斜對面,TRUE,0,TRUE
R19,石牌,Shipai,1,石牌站出口1,Shipai Exit 1,25.115007,121.515171,石牌路1段、2段與東華街、西安街交叉口、近市立石牌國中,TRUE,0,TRUE
R19,石牌,Shipai,2,石牌站出口2,Shipai Exit 2,25.113602,121.516205,西安街1段329號對面,TRUE,0,TRUE
R20,唭哩岸,Qilian,1,唭哩岸站出口1,Qilian Exit 1,25.120673,121.506987,西安街2段279號,TRUE,0,TRUE
R20,唭哩岸,Qilian,2,唭哩岸站出口2,Qilian Exit 2,25.120854,121.50589,西安街2段347號,TRUE,0,TRUE
R21,奇岩,Qiyan,0,奇岩站出口,Qiyan Exit,25.126169,121.50096,北投路1段與三合街2段交叉口,TRUE,0,TRUE
R22,北投,Beitou,0,北投站出口,Beitou Exit,25.132316,121.49824,育仁路與光明路交叉口、近私立十信高中,TRUE,0,TRUE
R23,復興崗,Fuxinggang,2,復興崗站出口2,Fuxinggang Exit 2,25.137325,121.485159,捷運北投機廠,TRUE,0,TRUE
R23,復興崗,Fuxinggang,1,復興崗站出口1,Fuxinggang Exit 1,25.137665,121.485373,中央北路3段53巷內,TRUE,0,TRUE
R24,忠義,Zhongyi,1,忠義站出口1,Zhongyi Exit 1,25.131056,121.473169,中央北路4段301號,TRUE,0,TRUE
R24,忠義,Zhongyi,2,忠義站出口2,Zhongyi Exit 2,25.130905,121.473657,近和信醫院,TRUE,0,TRUE
R25,關渡,Guandu,1,關渡站出口1,Guandu Exit 1,25.125431,121.467215,大度路3段296巷51號,TRUE,0,TRUE
R25,關渡,Guandu,2,關渡站出口2,Guandu Exit 2,25.12547,121.466861,中央北路4段583巷11弄內、近關渡國小,TRUE,0,TRUE
R26,竹圍,Zhuwei,1,竹圍站出口1,Zhuwei Exit 1,25.136971,121.459726,民權路與民族路交叉口、近馬偕醫院,TRUE,0,TRUE
R26,竹圍,Zhuwei,2,竹圍站出口2,Zhuwei Exit 2,25.136854,121.459383,民權一街16號,TRUE,0,FALSE
R27,紅樹林,Hongshulin,0,新北投站出口,Xinbeitou Exit,25.136968,121.503524,大業路與光明路交叉口、近北投公園,TRUE,0,TRUE
R27,紅樹林,Hongshulin,1,紅樹林站出口1,Hongshulin Exit 1,25.154137,121.459039,中正東路2段68號,TRUE,0,TRUE
R27,紅樹林,Hongshulin,2,紅樹林站出口2,Hongshulin Exit 2,25.153831,121.458583,自行車步道紅樹林段、近紅樹林教育館,TRUE,0,TRUE
R28,淡水,Tamsui,1,淡水站出口1,Tamsui Exit 1,25.168084,121.445355,中正東路、近英專路,TRUE,0,TRUE
R28,淡水,Tamsui,2,淡水站出口2,Tamsui Exit 2,25.167577,121.445988,中正東路、近學府路,TRUE,0,FALSE
G01,新店,Xindian,0,新店站出口,Xindian Exit,24.957877,121.537558,北新路1段與北宜路1段交叉口,TRUE,0,TRUE
G02,新店區公所,Xindian District Office,1,新店區公所站出口1,Xindian District Office Exit 1,24.967393,121.541124,北新路1段295號與中華路交叉口,TRUE,0,TRUE
G02,新店區公所,Xindian District Office,2,新店區公所站出口2,Xindian District Office Exit 2,24.967986,121.541845,北新路1段與北新路88巷交叉口,TRUE,0,FALSE
G03,七張,Qizhang,1,七張站出口1,Qizhang Exit 1,24.975025,121.543068,北新路2段150號,TRUE,0,TRUE
G03,七張,Qizhang,2,七張站出口2,Qizhang Exit 2,24.97691,121.542641,北新路2段、鄰近明德路口、近新店郵局,TRUE,0,FALSE
G03A,小碧潭,Xiaobitan,1,小碧潭站出口1,Xiaobitan Exit 1,24.971684,121.530311,環河路與中央路交叉口,TRUE,1,TRUE
G03A,小碧潭,Xiaobitan,2,小碧潭站出口2,Xiaobitan Exit 2,24.973192,121.52995,中央路與中央三街交叉口,TRUE,1,TRUE
G04,大坪林,Dapinglin,1,大坪林站出口1,Dapinglin Exit 1,24.982754,121.540874,民權路27號、北新路三段與民權路路口,TRUE,1,FALSE
G04,大坪林,Dapinglin,2,大坪林站出口2,Dapinglin Exit 2,24.982051,121.541619,北新路3段142巷口,TRUE,0,FALSE
G04,大坪林,Dapinglin,3,大坪林站出口3,Dapinglin Exit 3,24.982982,121.541572,北新路3段190號、北新路三段與民權路路口、鄰近消防署,TRUE,1,TRUE
G04,大坪林,Dapinglin,4,大坪林站出口4,Dapinglin Exit 4,24.983539,121.541405,北新路3段200號、鄰近景美橋,TRUE,0,FALSE
G05,景美,Jingmei,1,景美站出口1,Jingmei Exit 1,24.992296,121.540933,羅斯福路6段401巷口、景美郵局旁,TRUE,1,TRUE
G05,景美,Jingmei,2,景美站出口2,Jingmei Exit 2,24.993069,121.541517,景中街1號與景美街交叉口、文山二分局斜對面,TRUE,1,FALSE
G05,景美,Jingmei,3,景美站出口3,Jingmei Exit 3,24.992744,121.540546,羅斯福路6段218號與景福街交叉口、臺灣銀行旁,TRUE,1,FALSE
G06,萬隆,Wanlong,1,萬隆站出口1,Wanlong Exit 1,25.001367,121.538896,羅斯福路5段238號,TRUE,0,FALSE
G06,萬隆,Wanlong,2,萬隆站出口2,Wanlong Exit 2,25.00151,121.539613,羅斯福路5段245號,TRUE,1,FALSE
G06,萬隆,Wanlong,3,萬隆站出口3,Wanlong Exit 3,25.002215,121.539195,羅斯福路5段215號,TRUE,0,FALSE
G06,萬隆,Wanlong,4,萬隆站出口4,Wanlong Exit 4,25.002676,121.538572,羅斯福路5段214號,TRUE,1,TRUE
G07,公館,Gongguan,1,公館站出口1,Gongguan Exit 1,25.014509,121.534377,羅斯福路4段74號,TRUE,1,TRUE
G07,公館,Gongguan,2,公館站出口2,Gongguan Exit 2,25.014718,121.534721,羅斯福路4段舟山路口,TRUE,1,TRUE
G07,公館,Gongguan,3,公館站出口3,Gongguan Exit 3,25.015413,121.534055,羅斯福路4段台灣大學,TRUE,1,FALSE
G07,公館,Gongguan,4,公館站出口4,Gongguan Exit 4,25.015148,121.533623,羅斯福路4段44號,TRUE,0,FALSE
G08,台電大樓,Taipower Building,1,台電大樓站出口1,Taipower Building Exit 1,25.01962,121.528577,辛亥路1段、羅斯福路3段142巷口,TRUE,2,FALSE
G08,台電大樓,Taipower Building,2,台電大樓站出口2,Taipower Building Exit 2,25.020192,121.529093,羅斯福路3段與辛亥路1段交叉口、古亭國小旁,TRUE,1,FALSE
G08,台電大樓,Taipower Building,3,台電大樓站出口3,Taipower Building Exit 3,25.021179,121.527849,羅斯福路3段177號,TRUE,0,FALSE
G08,台電大樓,Taipower Building,4,台電大樓站出口4,Taipower Building Exit 4,25.021018,121.527297,羅斯福路3段100號、師大路130巷口,TRUE,0,FALSE
G08,台電大樓,Taipower Building,5,台電大樓站出口5,Taipower Building Exit 5,25.020758,121.527739,羅斯福路3段126號,TRUE,1,TRUE
G09,古亭,Guting,1,古亭站出口1,Guting Exit 1,25.025976,121.522973,羅斯福路2段136號,FALSE,0,TRUE
G09,古亭,Guting,2,古亭站出口2,Guting Exit 2,25.025502,121.523353,羅斯福路2段168號,TRUE,2,FALSE
G09,古亭,Guting,3,古亭站出口3,Guting Exit 3,25.026078,121.523353,羅斯福路2段79號,TRUE,2,FALSE
G09,古亭,Guting,4,古亭站出口4,Guting Exit 4,25.026424,121.523069,羅斯福路2段69號,TRUE,0,FALSE
G09,古亭,Guting,5,古亭站出口5,Guting Exit 5,25.027184,121.522873,和平東路1段17號,FALSE,0,FALSE
G09,古亭,Guting,6,古亭站出口6,Guting Exit 6,25.027537,121.522297,羅斯福路2段43號,TRUE,0,FALSE
G09,古亭,Guting,7,古亭站出口7,Guting Exit 7,25.02742,121.521937,羅斯福路2段50號、近郵政醫院、婦幼醫院,TRUE,2,FALSE
G09,古亭,Guting,8,古亭站出口8,Guting Exit 8,25.027056,121.521894,和平西路1段60號,TRUE,0,FALSE
G09,古亭,Guting,9,古亭站出口9,Guting Exit 9,25.026798,121.522404,羅斯福路2段100號,TRUE,0,FALSE
G11,小南門,Xiaonanmen,1,小南門站出口1,Xiaonanmen Exit 1,25.036434,121.509752,愛國西路、臺北市後勤指揮部旁,TRUE,4,FALSE
G11,小南門,Xiaonanmen,2,小南門站出口2,Xiaonanmen Exit 2,25.035736,121.509865,愛國西路30號,TRUE,0,FALSE
G11,小南門,Xiaonanmen,3,小南門站出口3,Xiaonanmen Exit 3,25.035309,121.510988,愛國西路、博愛路口、近植物園,TRUE,2,TRUE
G11,小南門,Xiaonanmen,4,小南門站出口4,Xiaonanmen Exit 4,25.035226,121.511455,愛國西路22號、近臺灣菸酒公司,TRUE,0,FALSE
G13,北門,Beimen,1,北門站出口1,Beimen Exit 1,25.048737,121.509862,塔城街與忠孝西路2段路口西北隅（於塔城街上）,TRUE,2,FALSE
G13,北門,Beimen,2,北門站出口2,Beimen Exit 2,25.049583,121.510506,塔城街東側,TRUE,2,TRUE
G13,北門,Beimen,3,北門站出口3,Beimen Exit 3,25.049943,121.510227,塔城街與鄭州路口西南隅（於鄭州路上）,TRUE,2,TRUE
G17,台北小巨蛋,Taipei Arena,1,台北小巨蛋站出口1,Taipei Arena Exit 1,25.051836,121.55153,南京東路4段(北側)、近南京東路4段53巷,TRUE,0,TRUE
G17,台北小巨蛋,Taipei Arena,2,台北小巨蛋站出口2,Taipei Arena Exit 2,25.051571,121.550715,南京東路4段(南側)、近台北小巨蛋,TRUE,1,TRUE
G17,台北小巨蛋,Taipei Arena,3,台北小巨蛋站出口3,Taipei Arena Exit 3,25.05152,121.552549,南京東路4段與北寧路口西南隅、近臺北體育館,TRUE,1,TRUE
G17,台北小巨蛋,Taipei Arena,4,台北小巨蛋站出口4,Taipei Arena Exit 4,25.051534,121.552898,南京東路4段與北寧路口東南隅,TRUE,0,FALSE
G17,台北小巨蛋,Taipei Arena,5,台北小巨蛋站出口5,Taipei Arena Exit 5,25.051838,121.552069,南京東路4段與健康路口西北隅,TRUE,0,FALSE
G18,南京三民,Nanjing Sanmin,1,南京三民站出口1,Nanjing Sanmin Exit 1,25.051517,121.563643,南京東路5段與三民路口西北隅,TRUE,2,TRUE
G18,南京三民,Nanjing Sanmin,2,南京三民站出口2,Nanjing Sanmin Exit 2,25.051215,121.563073,南京東路5段與三民路口西南隅,TRUE,2,TRUE
G18,南京三民,Nanjing Sanmin,3,南京三民站出口3,Nanjing Sanmin Exit 3,25.051328,121.564595,南京東路5段與三民路口東南隅,TRUE,2,FALSE
G18,南京三民,Nanjing Sanmin,4,南京三民站出口4,Nanjing Sanmin Exit 4,25.051588,121.56471,南京東路5段、近南京東路與三民路口東北隅,TRUE,2,FALSE
G19,松山,Songshan,1,松山站出口1,Songshan Exit 1,25.050171,121.577022,八德路4段與松山路口西北隅、近饒河街觀光夜市,TRUE,3,FALSE
G19,松山,Songshan,2,松山站出口2,Songshan Exit 2,25.050171,121.576244,八德路4段北側、近松山市場,TRUE,2,FALSE
G19,松山,Songshan,3,松山站出口3,Songshan Exit 3,25.049799,121.577464,八德路4段與松山路口西南隅、近松山區行政中心,TRUE,1,TRUE
G19,松山,Songshan,4,松山站出口4,Songshan Exit 4,25.049799,121.577971,八德路4段與松山路口東南隅、近五分埔商圈,TRUE,1,FALSE
G19,松山,Songshan,5,松山站出口5,Songshan Exit 5,25.050557,121.57813,八德路4段與松山路口東北隅、近松山國小,TRUE,1,TRUE
O01,南勢角,Nanshijiao,1,南勢角站出口1,Nanshijiao Exit 1,24.990016,121.508639,捷運路18號、近南山路399巷,TRUE,4,FALSE
O01,南勢角,Nanshijiao,2,南勢角站出口2,Nanshijiao Exit 2,24.989919,121.508853,捷運路16號,TRUE,4,FALSE
O01,南勢角,Nanshijiao,3,南勢角站出口3,Nanshijiao Exit 3,24.989651,121.509395,捷運路12號,TRUE,2,TRUE
O01,南勢角,Nanshijiao,4,南勢角站出口4,Nanshijiao Exit 4,24.989486,121.509776,捷運路6號、近興南路1段,TRUE,4,FALSE
O02,景安,Jingan,0,景安站出口,Jingan Exit,24.993731,121.504632,景平路486號、近景平路、景安路口,TRUE,0,TRUE
O03,永安市場,Yongan Market,0,永安市場站出口,Yongan Market Exit,25.002375,121.510962,中和路388號,TRUE,1,TRUE
O04,頂溪,Dingxi,1,頂溪站出口1,Dingxi Exit 1,25.012895,121.515414,永和路2段168號,TRUE,1,TRUE
O04,頂溪,Dingxi,2,頂溪站出口2,Dingxi Exit 2,25.014222,121.515446,永和路2段233號,TRUE,0,FALSE
O06,東門,Dongmen,1,東門站出口1,Dongmen Exit 1,25.034157,121.527994,信義路2段、近臨沂街口,FALSE,2,FALSE
O06,東門,Dongmen,2,東門站出口2,Dongmen Exit 2,25.03422,121.527565,信義路2段與金山南路1段路口,TRUE,0,FALSE
O06,東門,Dongmen,3,東門站出口3,Dongmen Exit 3,25.033676,121.527854,信義路2段114巷口,TRUE,2,FALSE
O06,東門,Dongmen,4,東門站出口4,Dongmen Exit 4,25.033646,121.528879,信義路2段148巷口、近淡江大學臺北校區,TRUE,0,FALSE
O06,東門,Dongmen,5,東門站出口5,Dongmen Exit 5,25.033564,121.529506,信義路2段166號、近永康公園,FALSE,1,FALSE
O06,東門,Dongmen,6,東門站出口6,Dongmen Exit 6,25.033924,121.529957,信義路2段、近連雲街口,TRUE,0,FALSE
O06,東門,Dongmen,7,東門站出口7,Dongmen Exit 7,25.033962,121.529678,近信義路2段191號,FALSE,2,FALSE
O06,東門,Dongmen,8,東門站出口8,Dongmen Exit 8,25.034074,121.528965,信義路2段163號、東門郵局旁,TRUE,0,TRUE
O08,松江南京,Songliang Nanjing,1,松江南京站出口1,Songjiang Nanjing Exit 1,25.051842,121.532388,松江路與南京東路口西南隅（於南京東路上）,TRUE,1,TRUE
O08,松江南京,Songliang Nanjing,2,松江南京站出口2,Songjiang Nanjing Exit 2,25.051342,121.532875,松江路與南京東路口西南隅（於松江路上）、松江路108巷旁,TRUE,1,TRUE
O08,松江南京,Songliang Nanjing,3,松江南京站出口3,Songjiang Nanjing Exit 3,25.051085,121.53287,松江路與南京東路口西南隅（於松江路上）、近松江公園,TRUE,1,FALSE
O08,松江南京,Songliang Nanjing,4,松江南京站出口4,Songjiang Nanjing Exit 4,25.051624,121.53324,松江路與南京東路口東南隅（於松江路上）,TRUE,2,FALSE
O08,松江南京,Songliang Nanjing,5,松江南京站出口5,Songjiang Nanjing Exit 5,25.051882,121.534081,松江路與南京東路口東南隅（於南京東路上）,TRUE,0,FALSE
O08,松江南京,Songliang Nanjing,6,松江南京站出口6,Songjiang Nanjing Exit 6,25.052095,121.533727,松江路與南京東路口東北隅（於南京東路上）,TRUE,0,FALSE
O08,松江南京,Songliang Nanjing,7,松江南京站出口7,Songjiang Nanjing Exit 7,25.05247,121.533195,松江路與南京東路口東北隅（於松江路上）、近四平街,TRUE,2,FALSE
O08,松江南京,Songliang Nanjing,8,松江南京站出口8,Songjiang Nanjing Exit 8,25.05257,121.532826,松江路與南京東路口西北隅（於松江路上）、松江路124巷旁,TRUE,1,TRUE
O09,行天宮,Xingtian Temple,1,行天宮站出口1,Xingtian Temple Exit 1,25.058316,121.533004,松江路218號，近中國信託銀行,TRUE,2,FALSE
O09,行天宮,Xingtian Temple,2,行天宮站出口2,Xingtian Temple Exit 2,25.058792,121.533342,松江路235巷口，近合作金庫銀行,TRUE,1,TRUE
O09,行天宮,Xingtian Temple,3,行天宮站出口3,Xingtian Temple Exit 3,25.059868,121.533393,松江路273號、近錦州街口,TRUE,2,FALSE
O09,行天宮,Xingtian Temple,4,行天宮站出口4,Xingtian Temple Exit 4,25.060365,121.532991,松江路318號、近錦州街口,FALSE,1,FALSE
O10,中山國小,Zhongshan Elementary School,1,中山國小站出口1,Zhongshan Elementary School Exit 1,25.06284,121.526095,民權東路1段、林森北路口，近中山國小,TRUE,1,FALSE
O10,中山國小,Zhongshan Elementary School,2,中山國小站出口2,Zhongshan Elementary School Exit 2,25.062461,121.526148,民權東路1段、林森北路口，近新興國中,TRUE,2,FALSE
O10,中山國小,Zhongshan Elementary School,3,中山國小站出口3,Zhongshan Elementary School Exit 3,25.062476,121.527114,民權東路1段、新生北路2段口，近新興國中,TRUE,2,FALSE
O10,中山國小,Zhongshan Elementary School,4,中山國小站出口4,Zhongshan Elementary School Exit 4,25.062835,121.526835,民權東路1段、新生北路3段口，近中山國小,TRUE,2,TRUE
O12,大橋頭,Daqiaotou,1,大橋頭站出口1,Daqiaotou Exit 1,25.06318,121.512319,民權西路225巷口,TRUE,1,TRUE
O12,大橋頭,Daqiaotou,2,大橋頭站出口2,Daqiaotou Exit 2,25.063195,121.513258,民權西路、重慶北路3段口,TRUE,2,FALSE
O12,大橋頭,Daqiaotou,3,大橋頭站出口3,Daqiaotou Exit 3,25.063739,121.51344,重慶北路3段、大橋國小旁,TRUE,1,FALSE
O13,台北橋,Taipei Bridge,0,臺北橋站出口,Taipei Bridge Exit,25.062966,121.500281,重新路1段108號,TRUE,1,TRUE
O14,菜寮,Cailiao,1,菜寮站出口1,Cailiao Exit 1,25.05971,121.490673,重新路3段115巷旁、近三重簡易庭,TRUE,2,FALSE
O14,菜寮,Cailiao,2,菜寮站出口2,Cailiao Exit 2,25.059287,121.491106,重新路3段150號、近光明路,TRUE,1,TRUE
O14,菜寮,Cailiao,3,菜寮站出口3,Cailiao Exit 3,25.060556,121.492111,重新路3段、近新北大道1段,TRUE,2,FALSE
O15,三重,Sanchong,1,三重站出口1,Sanchong Exit 1,25.055303,121.483748,捷運路36號、近疏洪東路1段,TRUE,1,TRUE
O15,三重,Sanchong,2,三重站出口2,Sanchong Exit 2,25.055429,121.484451,捷運路、近捷運路22巷口,TRUE,2,FALSE
O15,三重,Sanchong,3,三重站出口3,Sanchong Exit 3,25.056134,121.485282,捷運路、近捷運路19巷口,TRUE,2,FALSE
O16,先嗇宮,Xianse Temple,1,先嗇宮站出口1,Xianse Temple Exit 1,25.046497,121.471319,重新路5段515號、近光復路1段,TRUE,2,TRUE
O16,先嗇宮,Xianse Temple,2,先嗇宮站出口2,Xianse Temple Exit 2,25.046094,121.471372,重新路5段、近中興南街,TRUE,2,FALSE
O16,先嗇宮,Xianse Temple,3,先嗇宮站出口3,Xianse Temple Exit 3,25.046239,121.471801,重新路5段、近光復路1段路口,TRUE,3,FALSE
O17,頭前庄,Touqianzhuang,1,頭前庄站出口1,Touqianzhuang Exit 1,25.03963,121.460783,思源路18號、近中正路口,TRUE,1,TRUE
O17,頭前庄,Touqianzhuang,2,頭前庄站出口2,Touqianzhuang Exit 2,25.039068,121.460931,中正路81巷口、近大漢橋,TRUE,2,FALSE
O17,頭前庄,Touqianzhuang,3,頭前庄站出口3,Touqianzhuang Exit 3,25.039853,121.462247,中正路、近中正路61巷,TRUE,2,FALSE
O17,頭前庄,Touqianzhuang,4,頭前庄站出口4,Touqianzhuang Exit 4,25.040485,121.462242,中正路、近中正路56巷,TRUE,2,FALSE
O18,新莊,Xinzhuang,1,新莊站出口1,Xinzhuang Exit 1,25.03615,121.452168,中正路138號、近中華路1段、新莊區衛生所旁,TRUE,2,TRUE
O18,新莊,Xinzhuang,2,新莊站出口2,Xinzhuang Exit 2,25.036014,121.4525,中正路、近新莊國中校門旁,TRUE,1,TRUE
O19,輔大,Fu Jen University,1,輔大站出口1,Fu Jen University Exit 1,25.032932,121.435264,中正路510之1號、近輔大校門,TRUE,2,TRUE
O19,輔大,Fu Jen University,2,輔大站出口2,Fu Jen University Exit 2,25.032315,121.435277,福營路、近建國一路、福營派出所,TRUE,0,TRUE
O19,輔大,Fu Jen University,3,輔大站出口3,Fu Jen University Exit 3,25.032776,121.436541,中正路、中油加油站對面,TRUE,2,FALSE
O19,輔大,Fu Jen University,4,輔大站出口4,Fu Jen University Exit 4,25.033175,121.43652,中正路、中油加油站旁,TRUE,2,FALSE
O20,丹鳳,Danfeng,1,丹鳳站出口1,Danfeng Exit 1,25.029048,121.422282,中正路624之1號,TRUE,2,FALSE
O20,丹鳳,Danfeng,2,丹鳳站出口2,Danfeng Exit 2,25.028742,121.422615,中正路、近民安路口,TRUE,1,TRUE
O21,迴龍,Huilong,1,迴龍站出口1,Huilong Exit 1,25.021864,121.411264,中正路758號、近樂生療養院,TRUE,1,TRUE
O21,迴龍,Huilong,2,迴龍站出口2,Huilong Exit 2,25.02118,121.41077,中正路、近中正路929巷,TRUE,2,FALSE
O21,迴龍,Huilong,3,迴龍站出口3,Huilong Exit 3,25.022637,121.412482,中正路、近中正路746巷,TRUE,1,FALSE
O50,三重國小,Sanchong Elementary School,0,三重國小站出口,Sanchong Elementary School Exit ,25.070536,121.496656,三和路3段、仁愛街口，近三重國小,TRUE,1,TRUE
O51,三和國中,Sanhe Junior High School,1,三和國中站出口1,Sanhe Junior High School Exit 1,25.076586,121.486398,三和路4段218巷口，近三和國中正門,TRUE,1,TRUE
O51,三和國中,Sanhe Junior High School,2,三和國中站出口2,Sanhe Junior High School Exit 2,25.076946,121.486752,三和路4段107號,TRUE,1,FALSE
O52,徐匯中學,St.lgnatius High School,1,徐匯中學站出口1,St. lgnatius High School Exit 1,25.080303,121.47988,中山一路3號，近徐匯中學,TRUE,1,FALSE
O52,徐匯中學,St.lgnatius High School,2,徐匯中學站出口2,St. lgnatius High School Exit 2,25.080332,121.480583,三和路4段、永安北路口,TRUE,1,TRUE
O53,三民高中,Sanmin Senior High School,1,三民高中站出口1,Sanmin Senior High School Exit 1,25.085494,121.472542,三民路、復興路口，近三民停車場,TRUE,1,TRUE
O53,三民高中,Sanmin Senior High School,2,三民高中站出口2,Sanmin Senior High School Exit 2,25.085791,121.473739,三民路、復興路口，近三民高中,TRUE,1,FALSE
O54,蘆洲,Luzhou,1,蘆洲站出口1,Luzhou Exit 1,25.091463,121.464565,三民路386號，近中正路口,TRUE,1,FALSE
O54,蘆洲,Luzhou,2,蘆洲站出口2,Luzhou Exit 2,25.091609,121.464597,捷運廣場,TRUE,2,TRUE
O54,蘆洲,Luzhou,3,蘆洲站出口3,Luzhou Exit 3,25.091618,121.464425,三民路、中正路口，近中正路側,TRUE,2,FALSE
BL01,頂埔,Dingpu,1,頂埔站出口1,Dingpu Exit 1,24.959306,121.418218,中央路4段約100號旁,TRUE,2,TRUE
BL01,頂埔,Dingpu,2,頂埔站出口2,Dingpu Exit 2,24.95931,121.419,中央路4段，近鴻海精密工業,TRUE,2,FALSE
BL01,頂埔,Dingpu,3,頂埔站出口3,Dingpu Exit 3,24.95962,121.4196,中央路4段，近嵿埔之星科技廣場,TRUE,1,TRUE
BL01,頂埔,Dingpu,4,頂埔站出口4,Dingpu Exit 4,24.96039,121.4201,中央路4段62號旁,TRUE,0,TRUE
BL02,永寧,Yongning,1,永寧站出口1,Yongning Exit 1,24.966714,121.435254,中央路3段98巷口,TRUE,1,TRUE
BL02,永寧,Yongning,2,永寧站出口2,Yongning Exit 2,24.966102,121.43568,中央路3段、承天路口,TRUE,2,TRUE
BL02,永寧,Yongning,3,永寧站出口3,Yongning Exit 3,24.966947,121.436799,中央路3段、近89巷口,TRUE,4,FALSE
BL02,永寧,Yongning,4,永寧站出口4,Yongning Exit 4,24.967191,121.436412,中央路3段60號,TRUE,2,FALSE
BL03,土城,Tucheng,1,土城站出口1,Tucheng Exit 1,24.973251,121.444173,金城路1段、近金城公園,TRUE,2,TRUE
BL03,土城,Tucheng,2,土城站出口2,Tucheng Exit 2,24.972663,121.443671,金城路1段、和平路交叉口、近土城區戶政事務所,TRUE,2,FALSE
BL03,土城,Tucheng,3,土城站出口3,Tucheng Exit 3,24.973714,121.445266,金城路1段,TRUE,0,FALSE
BL04,海山,Haishan,1,海山站出口1,Haishan Exit 1,24.985375,121.448615,海山路、樂利國小旁,TRUE,2,FALSE
BL04,海山,Haishan,2,海山站出口2,Haishan Exit 2,24.985329,121.448956,海山路、新北高工運動場旁,TRUE,3,TRUE
BL04,海山,Haishan,3,海山站出口3,Haishan Exit 3,24.98609,121.449127,裕民路92巷22弄3號,TRUE,2,FALSE
BL05,亞東醫院,Far Eastern Hospital,1,亞東醫院站出口1,Far Eastern Hospital Exit 1,24.998933,121.452581,南雅南路2段120號,TRUE,3,FALSE
BL05,亞東醫院,Far Eastern Hospital,2,亞東醫院站出口2,Far Eastern Hospital Exit 2,24.998252,121.452388,南雅南路2段122號,TRUE,2,FALSE
BL05,亞東醫院,Far Eastern Hospital,3,亞東醫院站出口3,Far Eastern Hospital Exit 3,24.998875,121.45287,南雅南路2段、高爾富路口,TRUE,1,TRUE
BL06,府中,Fuzhong,1,府中站出口1,Fuzhong Exit 1,25.008486,121.459077,縣民大道1段193號、近板橋農會,TRUE,1,TRUE
BL06,府中,Fuzhong,2,府中站出口2,Fuzhong Exit 2,25.008943,121.459501,縣民大道、府中路口,TRUE,1,FALSE
BL06,府中,Fuzhong,3,府中站出口3,Fuzhong Exit 3,25.009162,121.45897,府中路30號、近板橋區公所,TRUE,0,FALSE
BL07,板橋,Banqiao,1,板橋站出口1,Banqiao Exit 1,25.013416,121.461754,站前路、新府路口、新板萬坪都會公園旁,TRUE,1,FALSE
BL07,板橋,Banqiao,2,板橋站出口2,Banqiao Exit 2,25.013192,121.462483,縣民大道、新府路口、板橋公車站旁,TRUE,1,FALSE
BL07,板橋,Banqiao,3,板橋站出口3,Banqiao Exit 3,25.014554,121.462589,站前路5號、板橋火車站對面,TRUE,1,TRUE
BL08,新埔,Xinpu,1,新埔站出口1,Xinpu Exit 1,25.023063,121.467457,民生路3段15號、新埔市場旁,TRUE,1,FALSE
BL08,新埔,Xinpu,2,新埔站出口2,Xinpu Exit 2,25.0222,121.468176,民生路2段251號,TRUE,1,FALSE
BL08,新埔,Xinpu,3,新埔站出口3,Xinpu Exit 3,25.022844,121.468574,民生路2段234巷口,TRUE,2,FALSE
BL08,新埔,Xinpu,4,新埔站出口4,Xinpu Exit 4,25.023638,121.468728,文化路1段360號,TRUE,1,TRUE
BL08,新埔,Xinpu,5,新埔站出口5,Xinpu Exit 5,25.024163,121.468138,民生路3段6號,TRUE,1,TRUE
BL09,江子翠,Jiangzicui,1,江子翠站出口1,Jiangzicui Exit 1,25.030298,121.471914,雙十路3段10巷口、近板橋農村公園,TRUE,2,FALSE
BL09,江子翠,Jiangzicui,2,江子翠站出口2,Jiangzicui Exit 2,25.029782,121.471903,文化路2段313號,TRUE,2,FALSE
BL09,江子翠,Jiangzicui,3,江子翠站出口3,Jiangzicui Exit 3,25.029459,121.472156,文化路2段296號,TRUE,2,TRUE
BL09,江子翠,Jiangzicui,4,江子翠站出口4,Jiangzicui Exit 4,25.029763,121.472719,雙十路2段178號、近松柏街,TRUE,2,FALSE
BL09,江子翠,Jiangzicui,5,江子翠站出口5,Jiangzicui Exit 5,25.031027,121.473609,文化路2段384號、近仁化街口,TRUE,2,FALSE
BL09,江子翠,Jiangzicui,6,江子翠站出口6,Jiangzicui Exit 6,25.031095,121.473126,文化路2段383巷口、近江翠國小,TRUE,2,FALSE
BL10,龍山寺,Longshan Temple,1,龍山寺站出口1,Longshan Temple Exit 1,25.035484,121.49953,和平西路3段、西園路1段路口,TRUE,1,TRUE
BL10,龍山寺,Longshan Temple,2,龍山寺站出口2,Longshan Temple Exit 2,25.035109,121.499798,和平西路3段、近萬華區公所,TRUE,1,FALSE
BL10,龍山寺,Longshan Temple,3,龍山寺站出口3,Longshan Temple Exit 3,25.035421,121.501622,和平西路3段81巷口、近康定路,TRUE,0,FALSE
BL11,西門,Ximen,1,西門站出口1,Ximen Exit 1,25.042137,121.507566,漢中街、成都路口、近西門紅樓,TRUE,1,FALSE
BL11,西門,Ximen,2,西門站出口2,Ximen Exit 2,25.041545,121.508435,中華路1段59號、近台北市憲兵隊,TRUE,0,FALSE
BL11,西門,Ximen,3,西門站出口3,Ximen Exit 3,25.041789,121.508888,中華路1段、寶慶路口,TRUE,1,FALSE
BL11,西門,Ximen,4,西門站出口4,Ximen Exit 4,25.042203,121.509006,中華路1段、衡陽路口,TRUE,1,TRUE
BL11,西門,Ximen,5,西門站出口5,Ximen Exit 5,25.042935,121.508789,中華路1段、秀山街口,TRUE,0,FALSE
BL11,西門,Ximen,6,西門站出口6,Ximen Exit 6,25.042573,121.507602,漢中街、成都路口,TRUE,1,TRUE
BL13,善導寺,Shandao Temple,1,善導寺站出口1,Shandao Temple Exit 1,25.045097,121.523009,忠孝東路1段與林森北路交叉口、近警政署,TRUE,2,FALSE
BL13,善導寺,Shandao Temple,2,善導寺站出口2,Shandao Temple Exit 2,25.044796,121.523053,忠孝東路1段與林森南路交叉口,TRUE,0,FALSE
BL13,善導寺,Shandao Temple,3,善導寺站出口3,Shandao Temple Exit 3,25.044568,121.523734,忠孝東路1段70號巷口,TRUE,1,TRUE
BL13,善導寺,Shandao Temple,4,善導寺站出口4,Shandao Temple Exit 4,25.044111,121.524217,忠孝東路1段84號巷口、近青島國宅,TRUE,1,FALSE
BL13,善導寺,Shandao Temple,5,善導寺站出口5,Shandao Temple Exit 5,25.044256,121.52482,忠孝東路1段與紹興南街交叉口、近華山市場,TRUE,0,FALSE
BL13,善導寺,Shandao Temple,6,善導寺站出口6,Shandao Temple Exit 6,25.044632,121.524898,忠孝東路1段與紹興北街交叉口、近善導寺,TRUE,2,FALSE
BL14,忠孝新生,Zhongxiao Xinsheng,2,忠孝新生站出口2,Zhongxiao Xinsheng Exit 2,25.042103,121.532065,忠孝東路2段134巷、近忠孝公園,TRUE,1,TRUE
BL14,忠孝新生,Zhongxiao Xinsheng,3,忠孝新生站出口3,Zhongxiao Xinsheng Exit 3,25.041783,121.53368,忠孝東路3段10巷,TRUE,1,FALSE
BL14,忠孝新生,Zhongxiao Xinsheng,4,忠孝新生站出口4,Zhongxiao Xinsheng Exit 4,25.042458,121.533213,忠孝東路3段與新生南路1段交叉口、近台北科技大學,TRUE,2,FALSE
BL14,忠孝新生,Zhongxiao Xinsheng,1,忠孝新生站出口1,Zhongxiao Xinsheng Exit 1,25.042784,121.531829,忠孝東路2段101號、近忠孝國小,TRUE,2,FALSE
BL14,忠孝新生,Zhongxiao Xinsheng,5,忠孝新生站出口5,Zhongxiao Xinsheng Exit 5,25.041214,121.532232,新生南路1段56巷口，近濟南路,TRUE,1,FALSE
BL14,忠孝新生,Zhongxiao Xinsheng,6,忠孝新生站出口6,Zhongxiao Xinsheng Exit 6,25.040791,121.533068,新生南路1段、濟南路口,TRUE,2,FALSE
BL14,忠孝新生,Zhongxiao Xinsheng,7,忠孝新生站出口7,Zhongxiao Xinsheng Exit 7,25.041729,121.533068,新生南路1段、忠孝東路3段口,TRUE,0,FALSE
BL16,忠孝敦化,Xhongxiao Dunhua,1,忠孝敦化站出口1,Zhongxiao Dunhua Exit 1,25.041642,121.550578,忠孝東路4段175號,TRUE,0,FALSE
BL16,忠孝敦化,Xhongxiao Dunhua,2,忠孝敦化站出口2,Zhongxiao Dunhua Exit 2,25.041632,121.551694,忠孝東路4段203號,TRUE,2,TRUE
BL16,忠孝敦化,Xhongxiao Dunhua,3,忠孝敦化站出口3,Zhongxiao Dunhua Exit 3,25.04134,121.551586,忠孝東路4段182號,TRUE,2,FALSE
BL16,忠孝敦化,Xhongxiao Dunhua,4,忠孝敦化站出口4,Zhongxiao Dunhua Exit 4,25.04135,121.550567,忠孝東路4段166號,TRUE,0,FALSE
BL16,忠孝敦化,Xhongxiao Dunhua,5,忠孝敦化站出口5,Zhongxiao Dunhua Exit 5,25.041238,121.549824,忠孝東路4段148號,TRUE,2,FALSE
BL16,忠孝敦化,Xhongxiao Dunhua,6,忠孝敦化站出口6,Zhongxiao Dunhua Exit 6,25.041029,121.549174,敦化南路1段219號,TRUE,0,FALSE
BL16,忠孝敦化,Xhongxiao Dunhua,7,忠孝敦化站出口7,Zhongxiao Dunhua Exit 7,25.041661,121.549913,忠孝東路4段151號,TRUE,2,FALSE
BL16,忠孝敦化,Xhongxiao Dunhua,8,忠孝敦化站出口8,Zhongxiao Dunhua Exit 8,25.041928,121.549194,敦化南路1段209號,TRUE,0,FALSE
BL17,國父紀念館,Sun Yat-Sen Memorial Hall,1,國父紀念館站出口1,Sun Yat-Sen Memorial Hall Exit 1,25.041838,121.556663,忠孝東路4段327號、近中華電視公司,TRUE,2,FALSE
BL17,國父紀念館,Sun Yat-Sen Memorial Hall,2,國父紀念館站出口2,Sun Yat-Sen Memorial Hall Exit 2,25.041029,121.556704,忠孝東路4段304號、近觀光局,TRUE,2,FALSE
BL17,國父紀念館,Sun Yat-Sen Memorial Hall,3,國父紀念館站出口3,Sun Yat-Sen Memorial Hall Exit 3,25.041195,121.557981,忠孝東路4段400號與光復南路交叉口、近光復國小,TRUE,2,FALSE
BL17,國父紀念館,Sun Yat-Sen Memorial Hall,4,國父紀念館站出口4,Sun Yat-Sen Memorial Hall Exit 4,25.04117,121.558539,忠孝東路4段、光復國小側門旁,TRUE,2,TRUE
BL17,國父紀念館,Sun Yat-Sen Memorial Hall,5,國父紀念館站出口5,Sun Yat-Sen Memorial Hall Exit 5,25.041501,121.558002,忠孝東路4段與光復南路交叉口、光復國小對面,TRUE,2,FALSE
BL18,市政府,Taipei City Hall,1,市政府站出口1,Taipei City Hall Exit 1,25.041408,121.565459,忠孝東路5段15巷口、市府轉運站對面,TRUE,0,FALSE
BL18,市政府,Taipei City Hall,2,市政府站出口2,Taipei City Hall Exit 2,25.040971,121.565062,忠孝東路5段2號、近市府轉運站,TRUE,4,TRUE
BL18,市政府,Taipei City Hall,3,市政府站出口3,Taipei City Hall Exit 3,25.040903,121.567149,忠孝東路5段與松仁路交叉口、近台北市政府消防局,TRUE,1,FALSE
BL18,市政府,Taipei City Hall,4,市政府站出口4,Taipei City Hall Exit 4,25.041263,121.567181,忠孝東路5段71巷口,TRUE,1,FALSE
BL19,永春,Yongchun,1,永春站出口1,Yongchun Exit 1,25.040995,121.57512,忠孝東路5段與423巷口,TRUE,1,FALSE
BL19,永春,Yongchun,2,永春站出口2,Yongchun Exit 2,25.040704,121.575383,忠孝東路5段420號,TRUE,0,FALSE
BL19,永春,Yongchun,3,永春站出口3,Yongchun Exit 3,25.040704,121.576155,忠孝東路5段446號,TRUE,0,FALSE
BL19,永春,Yongchun,4,永春站出口4,Yongchun Exit 4,25.040699,121.576574,忠孝東路5段464號與虎林街交叉口、台北永春郵局前,TRUE,0,FALSE
BL19,永春,Yongchun,5,永春站出口5,Yongchun Exit 5,25.040961,121.576622,忠孝東路5段455號與虎林街交叉口、近永春市場,TRUE,1,TRUE
BL20,後山埤,Houshanpi,1,後山埤站出口1,Houshanpi Exit 1,25.044422,121.58141,忠孝東路5段743巷與中坡北路交叉口、近五分埔,TRUE,1,FALSE
BL20,後山埤,Houshanpi,2,後山埤站出口2,Houshanpi Exit 2,25.043703,121.581854,忠孝東路5段790巷口、中坡南路口,TRUE,1,FALSE
BL20,後山埤,Houshanpi,3,後山埤站出口3,Houshanpi Exit 3,25.045232,121.583277,忠孝東路6段6號、玉成街140巷對面、近聯合醫院忠孝院區,TRUE,1,TRUE
BL20,後山埤,Houshanpi,4,後山埤站出口4,Houshanpi Exit 4,25.045653,121.582441,玉成街98巷口、永吉路591號、近合作金庫銀行,TRUE,1,FALSE
BL21,昆陽,Kunyang,1,昆陽站出口1,Kunyang Exit 1,25.050319,121.592726,忠孝東路6段403巷口,TRUE,0,FALSE
BL21,昆陽,Kunyang,2,昆陽站出口2,Kunyang Exit 2,25.050402,121.592825,忠孝東路6段403巷1弄,TRUE,0,FALSE
BL21,昆陽,Kunyang,3,昆陽站出口3,Kunyang Exit 3,25.050599,121.59363,忠孝東路6段403巷1弄、近昆陽街側,TRUE,0,FALSE
BL21,昆陽,Kunyang,4,昆陽站出口4,Kunyang Exit 4,25.050572,121.593799,忠孝東路6段445號與昆陽街交叉口,TRUE,0,TRUE
BL22,南港,Nangang,1,南港站出口1,Nangang Exit 1,25.051911,121.606357,忠孝東路7段380號、近台鐵南港站,TRUE,1,FALSE
BL22,南港,Nangang,2,南港站出口2,Nangang Exit 2,25.052025,121.60743,忠孝東路7段、近國家文官學院,TRUE,1,TRUE
Y07,大坪林,Dapinglin,1,大坪林站出口1,Dapinglin Exit 1,24.982754,121.540874,民權路27號、北新路三段與民權路路口,TRUE,1,FALSE
Y07,大坪林,Dapinglin,2,大坪林站出口2,Dapinglin Exit 2,24.982051,121.541619,北新路3段142巷口,TRUE,0,FALSE
Y07,大坪林,Dapinglin,3,大坪林站出口3,Dapinglin Exit 3,24.982982,121.541572,北新路3段190號、北新路三段與民權路路口、鄰近消防署,TRUE,1,TRUE
Y07,大坪林,Dapinglin,4,大坪林站出口4,Dapinglin Exit 4,24.983539,121.541405,北新路3段200號、鄰近景美橋,TRUE,0,FALSE
Y07,大坪林,Dapinglin,5,大坪林站出口5,Dapinglin Exit 5,24.982859,121.543209,中興路三段與民權路路口西南隅,TRUE,2,TRUE
Y08,十四張,Shisizhang,0,十四張站出口,Shisizhang Exit,24.984467,121.527701,溪園路與民權路東南隅,TRUE,1,TRUE
Y09,秀朗橋,Xiulang Bridge,1,秀朗橋站出口1,Xiulang Bridge Exit 1,24.990418,121.52574,成功路與景平路東南隅,TRUE,1,FALSE
Y09,秀朗橋,Xiulang Bridge,2,秀朗橋站出口2,Xiulang Bridge Exit 2,24.990549,121.525051,景平路2號,TRUE,0,TRUE
Y10,景平,Jingping,0,景平站出口,Jingping Exit,24.991968,121.516553,景平路121號,TRUE,1,TRUE
Y11,景安,Jingan,0,景安站出口,Jingan Exit,24.993731,121.504632,景平路486號、近景平路、景安路口,TRUE,0,TRUE
Y12,中和,Zhonghe,0,中和站出口,Zhonghe Exit,25.001981,121.496052,中山路二段與景平路西南隅,TRUE,1,TRUE
Y13,橋和,Qiaohe,0,橋和站出口,Qiaohe Exit,25.004413,121.490461,板南路430號,TRUE,1,TRUE
Y14,中原,Zhongyuan,0,中原站出口,Zhongyuan Exit,25.00841,121.484159,板南路510號,TRUE,1,TRUE
Y15,板新,Banxin,0,板新站出口,Banxin Exit,25.014491,121.472212,板新路109號,TRUE,1,TRUE
Y16,板橋,Banqiao,4,板橋站出口4,Banqiao Exit 4,25.015105,121.464938,新站路與縣民大道二段口,TRUE,1,TRUE
Y16,板橋,Banqiao,5,板橋站出口5,Banqiao Exit 5,25.015502,121.464312,新站路與站前路口,TRUE,1,TRUE
Y17,新埔民生,Xinpu Minsheng,0,新埔民生站出口,Xinpu Minsheng Exit,25.026125,121.466839,民生路3段70號,TRUE,1,TRUE
Y18,頭前庄,Touqianzhuang,1,頭前庄站出口1,Touqianzhuang Exit 1,25.03963,121.460783,思源路18號、近中正路口,TRUE,1,TRUE
Y18,頭前庄,Touqianzhuang,2,頭前庄站出口2,Touqianzhuang Exit 2,25.039068,121.460931,中正路81巷口、近大漢橋,TRUE,2,FALSE
Y18,頭前庄,Touqianzhuang,3,頭前庄站出口3,Touqianzhuang Exit 3,25.039853,121.462247,中正路、近中正路61巷,TRUE,2,FALSE
Y18,頭前庄,Touqianzhuang,4,頭前庄站出口4,Touqianzhuang Exit 4,25.040485,121.462242,中正路、近中正路56巷,TRUE,2,FALSE
Y19,幸福,Xingfu,1,幸福站出口1,Xingfu Exit 1,25.050126,121.460146,思源路與思源路296巷交叉口,TRUE,1,TRUE
Y19,幸福,Xingfu,2,幸福站出口2,Xingfu Exit 2,25.049545,121.460593,思源路與幸福東路交叉口,TRUE,0,FALSE
Y20,新北產業園區,New Taipei Industrial Park,0,新北產業園區站出口,New Taipei Industrial Park Exit,25.061548,121.459926,五工路35號,TRUE,1,TRUE
